"_id","_labels","message","name","_start","_end","_type"
"0",":Greeting","hello, world","",,,
"1",":Greeting","hello, world","",,,
"2",":Greeting","hello, world","",,,
"3",":Greeting","hello, world","",,,
"4",":Greeting","hello, world","",,,
"5",":Greeting","hello, world","",,,
"6",":Greeting","hello, world","",,,
"7",":Greeting","hello, world","",,,
"8",":Greeting","hello, world","",,,
"9",":Greeting","hello, world","",,,
"10",":Greeting","hello, world","",,,
"11",":Greeting","hello, world","",,,
"12",":Greeting","hello, world","",,,
"13",":Greeting","hello, world","",,,
"14",":Greeting","hello, world","",,,
"15",":Greeting","hello, world","",,,
"16",":Species","","name",,,
"17",":Species","","Rat",,,
"18",":Species","","extra spec",,,
"19",":Species","","extra spec",,,
"20",":Species","","extra spec",,,
"21",":Species","","extra spec",,,
